<?xml version="1.0" encoding="UTF-8"?>
<project-private xmlns="http://www.netbeans.org/ns/project-private/1">
    <editor-bookmarks xmlns="http://www.netbeans.org/ns/editor-bookmarks/2" lastBookmarkId="0"/>
    <open-files xmlns="http://www.netbeans.org/ns/projectui-open-files/1">
        <file>file:/home/maxmorris/NetBeansProjects/Mines/src/mines/Mines.java</file>
        <file>file:/home/maxmorris/NetBeansProjects/Mines/src/mines/Space.java</file>
        <file>file:/home/maxmorris/NetBeansProjects/Mines/src/mines/Spaces.java</file>
        <file>file:/home/maxmorris/NetBeansProjects/Mines/src/mines/Examples.java</file>
    </open-files>
</project-private>
